,sID,skew,mean IKI
0,s20,4.537098800748636,0.1353373004162627
1,s209,4.537098800748636,0.1353373004162627
2,s261,1.6573984403890276,0.137922648869909
3,s262,7.257389545069941,0.12954854425531936
